w,n,k,,,,w
0.191357468,1.601559,1.378519,,,,191.357468
0.192948227,1.611396,1.398653,,,,192.948227
0.194539032,1.621727,1.41829,,,,194.539032
0.196129883,1.632522,1.437437,,,,196.129883
0.197720779,1.643753,1.4561,,,,197.720779
0.199311691,1.655393,1.474286,,,,199.311691
0.200902649,1.667418,1.492001,,,,200.902649
0.202493652,1.679806,1.50925,,,,202.493652
0.204084686,1.692533,1.526039,,,,204.084686
0.205675751,1.70558,1.542375,,,,205.675751
0.207266876,1.718926,1.558262,,,,207.266876
0.208858002,1.732554,1.573705,,,,208.858002
0.210449188,1.746445,1.588709,,,,210.449188
0.212040405,1.760584,1.60328,,,,212.040405
0.213631668,1.774952,1.617421,,,,213.631668
0.215222946,1.789536,1.631138,,,,215.222946
0.216814255,1.80432,1.644434,,,,216.814255
0.218405609,1.819289,1.657314,,,,218.405609
0.219996994,1.83443,1.669783,,,,219.996994
0.221588409,1.849729,1.681842,,,,221.588409
0.223179855,1.865173,1.693499,,,,223.179855
0.224771332,1.88075,1.704754,,,,224.771332
0.226362869,1.896447,1.715614,,,,226.362869
0.227954422,1.912251,1.726081,,,,227.954422
0.22954599,1.928151,1.736159,,,,229.54599
0.231137604,1.944136,1.745852,,,,231.137604
0.232729218,1.960193,1.755164,,,,232.729218
0.234320892,1.976312,1.764099,,,,234.320892
0.235912598,1.992482,1.77266,,,,235.912598
0.237504318,2.008692,1.780851,,,,237.504318
0.239096069,2.024931,1.788678,,,,239.096069
0.240687866,2.041189,1.796142,,,,240.687866
0.242279663,2.057455,1.80325,,,,242.279663
0.243871506,2.073719,1.810005,,,,243.871506
0.245463379,2.089972,1.816411,,,,245.463379
0.247055267,2.106202,1.822473,,,,247.055267
0.248647186,2.122401,1.828196,,,,248.647186
0.250239136,2.138559,1.833585,,,,250.239136
0.2518311,2.154666,1.838644,,,,251.8311
0.253423126,2.170713,1.843379,,,,253.423126
0.255015137,2.186691,1.847795,,,,255.015137
0.256607178,2.20259,1.851898,,,,256.607178
0.258199249,2.2184,1.855693,,,,258.199249
0.259791351,2.234115,1.859187,,,,259.791351
0.261383484,2.249725,1.862384,,,,261.383484
0.262975616,2.26522,1.865293,,,,262.975616
0.26456778,2.280593,1.867918,,,,264.56778
0.266159973,2.295836,1.870268,,,,266.159973
0.267752167,2.31094,1.872348,,,,267.752167
0.269344391,2.325897,1.874166,,,,269.344391
0.270936646,2.3407,1.875729,,,,270.936646
0.2725289,2.355341,1.877045,,,,272.5289
0.274121216,2.369812,1.878122,,,,274.121216
0.275713531,2.384107,1.878968,,,,275.713531
0.277305847,2.398218,1.87959,,,,277.305847
0.278898224,2.412138,1.879998,,,,278.898224
0.28049057,2.425861,1.8802,,,,280.49057
0.282082947,2.43938,1.880206,,,,282.082947
0.283675354,2.45269,1.880023,,,,283.675354
0.285267792,2.465783,1.879663,,,,285.267792
0.286860229,2.478655,1.879134,,,,286.860229
0.288452698,2.491299,1.878446,,,,288.452698
0.290045166,2.503711,1.87761,,,,290.045166
0.291637665,2.515886,1.876635,,,,291.637665
0.293230164,2.527818,1.875533,,,,293.230164
0.294822693,2.539503,1.874313,,,,294.822693
0.296415222,2.550938,1.872988,,,,296.415222
0.298007782,2.562117,1.871569,,,,298.007782
0.299600372,2.573037,1.870067,,,,299.600372
0.301192932,2.583695,1.868493,,,,301.192932
0.302785522,2.594088,1.866861,,,,302.785522
0.304378143,2.604213,1.865182,,,,304.378143
0.305970764,2.614068,1.863468,,,,305.970764
0.307563416,2.62365,1.861734,,,,307.563416
0.309156067,2.632957,1.859991,,,,309.156067
0.310748718,2.641988,1.858254,,,,310.748718
0.31234137,2.650742,1.856535,,,,312.34137
0.313934052,2.659218,1.854849,,,,313.934052
0.315526733,2.667416,1.853211,,,,315.526733
0.317119446,2.675336,1.851634,,,,317.119446
0.318712158,2.682979,1.850134,,,,318.712158
0.320304871,2.690344,1.848725,,,,320.304871
0.321897614,2.697435,1.847425,,,,321.897614
0.323490326,2.704252,1.846248,,,,323.490326
0.325083069,2.710798,1.84521,,,,325.083069
0.326675842,2.717076,1.84433,,,,326.675842
0.328268616,2.723089,1.843623,,,,328.268616
0.329861389,2.728842,1.843108,,,,329.861389
0.331454163,2.73434,1.842802,,,,331.454163
0.333046936,2.739588,1.842724,,,,333.046936
0.334639709,2.744592,1.842893,,,,334.639709
0.336232483,2.74936,1.843327,,,,336.232483
0.337825287,2.7539,1.844049,,,,337.825287
0.339418121,2.758221,1.845076,,,,339.418121
0.341010925,2.762332,1.846431,,,,341.010925
0.342603729,2.766245,1.848135,,,,342.603729
0.344196533,2.769973,1.85021,,,,344.196533
0.345789368,2.773529,1.852679,,,,345.789368
0.347382172,2.776928,1.855564,,,,347.382172
0.348975006,2.780187,1.858889,,,,348.975006
0.35056781,2.783325,1.862679,,,,350.56781
0.352160675,2.786361,1.866957,,,,352.160675
0.353753479,2.789319,1.871749,,,,353.753479
0.355346313,2.792222,1.87708,,,,355.346313
0.356939148,2.795098,1.882975,,,,356.939148
0.358531982,2.797975,1.889461,,,,358.531982
0.360124817,2.800886,1.896564,,,,360.124817
0.361717651,2.803867,1.904308,,,,361.717651
0.363310486,2.806955,1.912721,,,,363.310486
0.36490332,2.810192,1.921827,,,,364.90332
0.366496155,2.813625,1.931651,,,,366.496155
0.368088959,2.817303,1.942217,,,,368.088959
0.369681793,2.82128,1.953548,,,,369.681793
0.371274597,2.825615,1.965664,,,,371.274597
0.372867432,2.830371,1.978585,,,,372.867432
0.374460266,2.835617,1.992326,,,,374.460266
0.37605304,2.841426,2.006902,,,,376.05304
0.377645844,2.84788,2.022321,,,,377.645844
0.379238678,2.855063,2.038588,,,,379.238678
0.380831482,2.863066,2.055704,,,,380.831482
0.382424255,2.871988,2.073661,,,,382.424255
0.384017029,2.881932,2.092446,,,,384.017029
0.385609802,2.893006,2.112036,,,,385.609802
0.387202576,2.905328,2.132397,,,,387.202576
0.388795349,2.919016,2.153488,,,,388.795349
0.390388123,2.934196,2.175251,,,,390.388123
0.391980865,2.950998,2.197616,,,,391.980865
0.393573608,2.969552,2.220497,,,,393.573608
0.395166321,2.989992,2.243791,,,,395.166321
0.396759064,3.012452,2.267375,,,,396.759064
0.398351776,3.037061,2.291104,,,,398.351776
0.399944489,3.063945,2.314814,,,,399.944489
0.40153717,3.093221,2.338315,,,,401.53717
0.403129883,3.124995,2.361392,,,,403.129883
0.404722565,3.159355,2.383806,,,,404.722565
0.406315216,3.19637,2.405292,,,,406.315216
0.407907898,3.236083,2.42556,,,,407.907898
0.409500519,3.278506,2.444299,,,,409.500519
0.41109317,3.323612,2.461175,,,,411.09317
0.41268573,3.371331,2.47584,,,,412.68573
0.414278381,3.421548,2.487936,,,,414.278381
0.415870941,3.474087,2.497101,,,,415.870941
0.417463531,3.528718,2.502979,,,,417.463531
0.419056091,3.585151,2.505233,,,,419.056091
0.420648621,3.643031,2.503551,,,,420.648621
0.42224115,3.70195,2.497664,,,,422.24115
0.423833679,3.761441,2.487359,,,,423.833679
0.425426208,3.820997,2.472485,,,,425.426208
0.427018707,3.880071,2.452972,,,,427.018707
0.428611176,3.938105,2.428833,,,,428.611176
0.430203613,3.994534,2.400172,,,,430.203613
0.431796051,4.048814,2.367182,,,,431.796051
0.433388489,4.100432,2.330143,,,,433.388489
0.434980865,4.148929,2.289415,,,,434.980865
0.436573242,4.193912,2.245421,,,,436.573242
0.438165619,4.235064,2.198634,,,,438.165619
0.439757965,4.272152,2.149566,,,,439.757965
0.441350281,4.305033,2.098737,,,,441.350281
0.442942627,4.333644,2.046671,,,,442.942627
0.444534912,4.358002,1.993872,,,,444.534912
0.446127136,4.378196,1.940815,,,,446.127136
0.447719391,4.394375,1.887934,,,,447.719391
0.449311615,4.406734,1.835615,,,,449.311615
0.450903809,4.415505,1.784195,,,,450.903809
0.452496002,4.420949,1.733957,,,,452.496002
0.454088196,4.423336,1.685133,,,,454.088196
0.455680328,4.422945,1.637908,,,,455.680328
0.4572724,4.420055,1.592422,,,,457.2724
0.458864502,4.414935,1.548773,,,,458.864502
0.460456543,4.407844,1.507025,,,,460.456543
0.462048584,4.399025,1.467211,,,,462.048584
0.463640625,4.388706,1.429342,,,,463.640625
0.465232605,4.377095,1.393405,,,,465.232605
0.466824554,4.364383,1.359374,,,,466.824554
0.468416504,4.350742,1.327206,,,,468.416504
0.470008392,4.336327,1.296853,,,,470.008392
0.471600281,4.321278,1.268255,,,,471.600281
0.4731922,4.305715,1.241351,,,,473.1922
0.474783997,4.289751,1.216078,,,,474.783997
0.476375793,4.273478,1.192367,,,,476.375793
0.47796759,4.256981,1.170153,,,,477.96759
0.479559326,4.240335,1.14937,,,,479.559326
0.481151031,4.223602,1.129954,,,,481.151031
0.482742737,4.206839,1.111843,,,,482.742737
0.484334381,4.190093,1.094977,,,,484.334381
0.485926025,4.173405,1.079299,,,,485.926025
0.487517639,4.156812,1.064757,,,,487.517639
0.489109192,4.140345,1.051298,,,,489.109192
0.490700745,4.12403,1.038874,,,,490.700745
0.492292236,4.107891,1.027441,,,,492.292236
0.493883698,4.091946,1.016957,,,,493.883698
0.495475159,4.076214,1.007383,,,,495.475159
0.497066559,4.060708,0.998681,,,,497.066559
0.498657898,4.045443,0.99082,,,,498.657898
0.500249268,4.030428,0.983766,,,,500.249268
0.501840576,4.015675,0.977493,,,,501.840576
0.503431824,4.001192,0.971972,,,,503.431824
0.505023102,3.986988,0.967181,,,,505.023102
0.506614319,3.97307,0.963096,,,,506.614319
0.508205475,3.959446,0.959697,,,,508.205475
0.50979657,3.946124,0.956967,,,,509.79657
0.511387695,3.93311,0.954887,,,,511.387695
0.51297876,3.920412,0.953443,,,,512.97876
0.514569763,3.908038,0.95262,,,,514.569763
0.516160767,3.895994,0.952407,,,,516.160767
0.517751709,3.88429,0.95279,,,,517.751709
0.519342651,3.872935,0.953761,,,,519.342651
0.520933472,3.861938,0.955309,,,,520.933472
0.522524292,3.85131,0.957427,,,,522.524292
0.524115112,3.841062,0.960105,,,,524.115112
0.525705872,3.831206,0.963338,,,,525.705872
0.52729657,3.821754,0.967118,,,,527.29657
0.528887268,3.812723,0.971439,,,,528.887268
0.530477905,3.804126,0.976295,,,,530.477905
0.532068481,3.795981,0.98168,,,,532.068481
0.533659058,3.788306,0.987587,,,,533.659058
0.535249573,3.781121,0.994012,,,,535.249573
0.536840027,3.774444,1.000947,,,,536.840027
0.538430481,3.768301,1.008386,,,,538.430481
0.540020874,3.762713,1.01632,,,,540.020874
0.541611206,3.757707,1.024742,,,,541.611206
0.543201477,3.75331,1.033641,,,,543.201477
0.544791748,3.74955,1.043008,,,,544.791748
0.546381958,3.746458,1.052829,,,,546.381958
0.547972107,3.744065,1.063091,,,,547.972107
0.549562195,3.742405,1.073777,,,,549.562195
0.551152283,3.741513,1.084869,,,,551.152283
0.55274231,3.741427,1.096346,,,,552.74231
0.554332275,3.742182,1.108184,,,,554.332275
0.555922241,3.74382,1.120356,,,,555.922241
0.557512085,3.74638,1.132831,,,,557.512085
0.559101929,3.749902,1.145573,,,,559.101929
0.560691772,3.75443,1.158546,,,,560.691772
0.562281494,3.760003,1.171704,,,,562.281494
0.563871216,3.766664,1.184999,,,,563.871216
0.565460815,3.774454,1.198376,,,,565.460815
0.567050415,3.783413,1.211778,,,,567.050415
0.568639954,3.793579,1.225136,,,,568.639954
0.570229431,3.804987,1.238381,,,,570.229431
0.571818909,3.817672,1.251434,,,,571.818909
0.573408325,3.83166,1.26421,,,,573.408325
0.574997681,3.846977,1.276618,,,,574.997681
0.576586914,3.863639,1.288559,,,,576.586914
0.578176147,3.88166,1.29993,,,,578.176147
0.579765381,3.901041,1.31062,,,,579.765381
0.581354492,3.921776,1.320512,,,,581.354492
0.582943542,3.94385,1.329486,,,,582.943542
0.584532593,3.967234,1.337416,,,,584.532593
0.586121582,3.991888,1.344175,,,,586.121582
0.58771051,4.017757,1.34963,,,,587.71051
0.589299377,4.044772,1.353654,,,,589.299377
0.590888184,4.072848,1.356116,,,,590.888184
0.592476929,4.101883,1.356893,,,,592.476929
0.594065613,4.131761,1.355864,,,,594.065613
0.595654236,4.162346,1.352921,,,,595.654236
0.597242859,4.193489,1.347962,,,,597.242859
0.598831421,4.225022,1.340902,,,,598.831421
0.6004198,4.256767,1.331673,,,,600.4198
0.60200824,4.288534,1.320224,,,,602.00824
0.603596619,4.320119,1.306524,,,,603.596619
0.605184937,4.351314,1.290568,,,,605.184937
0.606773132,4.381909,1.272375,,,,606.773132
0.608361328,4.411692,1.251988,,,,608.361328
0.609949463,4.440456,1.229476,,,,609.949463
0.611537476,4.467999,1.204935,,,,611.537476
0.613125488,4.494137,1.178485,,,,613.125488
0.61471344,4.518695,1.150265,,,,614.71344
0.616301331,4.541521,1.120437,,,,616.301331
0.61788916,4.562483,1.089179,,,,617.88916
0.619476929,4.581471,1.056682,,,,619.476929
0.621064575,4.598405,1.023145,,,,621.064575
0.622652222,4.613225,0.988775,,,,622.652222
0.624239807,4.6259,0.953775,,,,624.239807
0.625827271,4.636424,0.918351,,,,625.827271
0.627414673,4.644812,0.8827,,,,627.414673
0.629002075,4.651104,0.847008,,,,629.002075
0.630589417,4.655358,0.811455,,,,630.589417
0.632176636,4.657646,0.7762,,,,632.176636
0.633763794,4.658058,0.741394,,,,633.763794
0.635350952,4.656693,0.707166,,,,635.350952
0.636937988,4.653657,0.673632,,,,636.937988
0.638524963,4.649066,0.64089,,,,638.524963
0.640111877,4.643034,0.609021,,,,640.111877
0.64169873,4.635681,0.578093,,,,641.69873
0.643285522,4.627123,0.548159,,,,643.285522
0.644872192,4.617476,0.519257,,,,644.872192
0.646458862,4.606852,0.491414,,,,646.458862
0.648045471,4.595358,0.464646,,,,648.045471
0.649631958,4.583096,0.43896,,,,649.631958
0.651218384,4.570163,0.414353,,,,651.218384
0.652804749,4.556649,0.390817,,,,652.804749
0.654391052,4.542638,0.368336,,,,654.391052
0.655977295,4.528209,0.34689,,,,655.977295
0.657563416,4.513433,0.326456,,,,657.563416
0.659149536,4.498374,0.307005,,,,659.149536
0.660735535,4.483093,0.288508,,,,660.735535
0.662321472,4.467644,0.270933,,,,662.321472
0.663907349,4.452076,0.254247,,,,663.907349
0.665493103,4.436432,0.238417,,,,665.493103
0.667078857,4.420753,0.223408,,,,667.078857
0.66866449,4.405071,0.209186,,,,668.66449
0.670250061,4.389419,0.195718,,,,670.250061
0.671835571,4.373825,0.18297,,,,671.835571
0.673421021,4.35831,0.170909,,,,673.421021
0.675006348,4.342898,0.159504,,,,675.006348
0.676591614,4.327607,0.148725,,,,676.591614
0.678176819,4.312452,0.138541,,,,678.176819
0.679761902,4.297448,0.128923,,,,679.761902
0.681346985,4.282604,0.119845,,,,681.346985
0.682931946,4.267932,0.111279,,,,682.931946
0.684516846,4.253441,0.1032,,,,684.516846
0.686101685,4.239136,0.095585,,,,686.101685
0.687686401,4.225023,0.08841,,,,687.686401
0.689271057,4.211108,0.081654,,,,689.271057
0.690855591,4.197392,0.075295,,,,690.855591
0.692440125,4.18388,0.069314,,,,692.440125
0.694024536,4.170573,0.063693,,,,694.024536
0.695608887,4.157472,0.058413,,,,695.608887
0.697193115,4.144578,0.053458,,,,697.193115
0.698777283,4.131891,0.048811,,,,698.777283
0.700361389,4.11941,0.044458,,,,700.361389
0.701945435,4.107135,0.040384,,,,701.945435
0.703529358,4.095066,0.036576,,,,703.529358
0.705113159,4.0832,0.033021,,,,705.113159
0.70669696,4.071537,0.029706,,,,706.69696
0.70828064,4.060074,0.026622,,,,708.28064
0.709864258,4.04881,0.023756,,,,709.864258
0.711447754,4.037745,0.021098,,,,711.447754
0.713031189,4.026873,0.01864,,,,713.031189
0.714614563,4.016195,0.016371,,,,714.614563
0.716197815,4.005709,0.014283,,,,716.197815
0.717780945,3.995411,0.012368,,,,717.780945
0.719364075,3.985301,0.010619,,,,719.364075
0.720947083,3.975377,0.009027,,,,720.947083
0.722529968,3.965637,0.007586,,,,722.529968
0.724112854,3.956078,0.006289,,,,724.112854
0.725695557,3.946701,0.005131,,,,725.695557
0.727278198,3.937502,0.004105,,,,727.278198
0.728860779,3.928483,0.003206,,,,728.860779
0.730443237,3.91964,0.002429,,,,730.443237
0.732025696,3.910975,0.001768,,,,732.025696
0.733607971,3.902488,0.001219,,,,733.607971
0.735190186,3.894179,0.000777,,,,735.190186
0.736772339,3.88605,0.000438,,,,736.772339
0.73835437,3.878104,0.000198,,,,738.35437
0.739936279,3.870349,0.000054,,,,739.936279
0.741518127,3.862799,0,,,,741.518127
0.743099915,3.855489,0,,,,743.099915
0.744681519,3.84838,0,,,,744.681519
0.746263123,3.841442,0,,,,746.263123
0.747844604,3.834658,0,,,,747.844604
0.749425964,3.828019,0,,,,749.425964
0.751007263,3.821513,0,,,,751.007263
0.752588501,3.815134,0,,,,752.588501
0.754169556,3.808874,0,,,,754.169556
0.75575061,3.802728,0,,,,755.75061
0.757331543,3.796689,0,,,,757.331543
0.758912354,3.790754,0,,,,758.912354
0.760493042,3.784918,0,,,,760.493042
0.76207373,3.779176,0,,,,762.07373
0.763654236,3.773525,0,,,,763.654236
0.76523468,3.767962,0,,,,765.23468
0.766815063,3.762483,0,,,,766.815063
0.768395264,3.757085,0,,,,768.395264
0.769975464,3.751765,0,,,,769.975464
0.771555481,3.746522,0,,,,771.555481
0.773135376,3.741351,0,,,,773.135376
0.774715271,3.736251,0,,,,774.715271
0.776295044,3.73122,0,,,,776.295044
0.777874634,3.726255,0,,,,777.874634
0.779454224,3.721355,0,,,,779.454224
0.781033691,3.716517,0,,,,781.033691
0.782613037,3.711739,0,,,,782.613037
0.784192261,3.707021,0,,,,784.192261
0.785771423,3.702359,0,,,,785.771423
0.787350464,3.697754,0,,,,787.350464
0.788929382,3.693202,0,,,,788.929382
0.79050824,3.688703,0,,,,790.50824
0.792086975,3.684256,0,,,,792.086975
0.793665649,3.679858,0,,,,793.665649
0.795244141,3.675508,0,,,,795.244141
0.796822571,3.671207,0,,,,796.822571
0.798400879,3.666951,0,,,,798.400879
0.799979126,3.66274,0,,,,799.979126
0.80155719,3.658574,0,,,,801.55719
0.803135193,3.654449,0,,,,803.135193
0.804713074,3.650367,0,,,,804.713074
0.806290894,3.646326,0,,,,806.290894
0.80786853,3.642325,0,,,,807.86853
0.809446167,3.638362,0,,,,809.446167
0.811023621,3.634438,0,,,,811.023621
0.812600952,3.630551,0,,,,812.600952
0.814178223,3.6267,0,,,,814.178223
0.815755371,3.622885,0,,,,815.755371
0.817332397,3.619104,0,,,,817.332397
0.818909302,3.615358,0,,,,818.909302
0.820486145,3.611645,0,,,,820.486145
0.822062805,3.607964,0,,,,822.062805
0.823639465,3.604315,0,,,,823.639465
0.825215942,3.600698,0,,,,825.215942
0.826792297,3.597111,0,,,,826.792297
0.82836853,3.593554,0,,,,828.36853
0.829944702,3.590026,0,,,,829.944702
0.831520691,3.586528,0,,,,831.520691
0.833096558,3.583057,0,,,,833.096558
0.834672485,3.579614,0,,,,834.672485
0.836248169,3.576198,0,,,,836.248169
0.83782373,3.572808,0,,,,837.82373
0.839399109,3.569445,0,,,,839.399109
0.840974487,3.566107,0,,,,840.974487
0.842549683,3.562794,0,,,,842.549683
0.844124878,3.559505,0,,,,844.124878
0.84569989,3.556241,0,,,,845.69989
0.847274719,3.553001,0,,,,847.274719
0.848849487,3.549783,0,,,,848.849487
0.850424133,3.546588,0,,,,850.424133
0.851998718,3.543416,0,,,,851.998718
0.85357312,3.540266,0,,,,853.57312
0.855147339,3.537137,0,,,,855.147339
0.856721558,3.534029,0,,,,856.721558
0.858295593,3.530942,0,,,,858.295593
0.859869629,3.527875,0,,,,859.869629
0.861443359,3.524829,0,,,,861.443359
0.86301709,3.521802,0,,,,863.01709
0.864590698,3.518794,0,,,,864.590698
0.866164185,3.515806,0,,,,866.164185
0.867737488,3.512836,0,,,,867.737488
0.869310669,3.509885,0,,,,869.310669
0.870883789,3.506951,0,,,,870.883789
0.872456726,3.504036,0,,,,872.456726
0.874029602,3.501137,0,,,,874.029602
0.875602356,3.498256,0,,,,875.602356
0.877174927,3.495392,0,,,,877.174927
0.878747375,3.492544,0,,,,878.747375
0.880319702,3.489713,0,,,,880.319702
0.881891968,3.486897,0,,,,881.891968
0.88346405,3.484098,0,,,,883.46405
0.885036011,3.481314,0,,,,885.036011
0.88660791,3.478545,0,,,,886.60791
0.888179565,3.475791,0,,,,888.179565
0.88975116,3.473052,0,,,,889.75116
0.891322632,3.470328,0,,,,891.322632
0.892894043,3.467618,0,,,,892.894043
0.89446521,3.464921,0,,,,894.46521
0.896036316,3.462239,0,,,,896.036316
0.897607239,3.45957,0,,,,897.607239
0.899178101,3.456915,0,,,,899.178101
0.90074884,3.454273,0,,,,900.74884
0.902319336,3.451644,0,,,,902.319336
0.903889832,3.449027,0,,,,903.889832
0.905460083,3.446424,0,,,,905.460083
0.907030273,3.443832,0,,,,907.030273
0.908600281,3.441253,0,,,,908.600281
0.910170227,3.438686,0,,,,910.170227
0.911740051,3.436131,0,,,,911.740051
0.913309692,3.433587,0,,,,913.309692
0.914879211,3.431055,0,,,,914.879211
0.916448547,3.428534,0,,,,916.448547
0.918017761,3.426024,0,,,,918.017761
0.919586914,3.423526,0,,,,919.586914
0.921155945,3.421038,0,,,,921.155945
0.922724792,3.41856,0,,,,922.724792
0.924293457,3.416094,0,,,,924.293457
0.925862,3.413637,0,,,,925.862
0.927430481,3.411191,0,,,,927.430481
0.92899884,3.408754,0,,,,928.99884
0.930567017,3.406327,0,,,,930.567017
0.932134949,3.403911,0,,,,932.134949
0.933702942,3.401504,0,,,,933.702942
0.93527063,3.399106,0,,,,935.27063
0.936838257,3.396717,0,,,,936.838257
0.938405762,3.394338,0,,,,938.405762
0.939973022,3.391968,0,,,,939.973022
0.941540222,3.389606,0,,,,941.540222
0.9431073,3.387254,0,,,,943.1073
0.944674194,3.38491,0,,,,944.674194
0.946241028,3.382574,0,,,,946.241028
0.947807739,3.380247,0,,,,947.807739
0.949374207,3.377928,0,,,,949.374207
0.950940552,3.375618,0,,,,950.940552
0.952506714,3.373315,0,,,,952.506714
0.954072876,3.371021,0,,,,954.072876
0.955638794,3.368734,0,,,,955.638794
0.95720459,3.366454,0,,,,957.20459
0.958770203,3.364183,0,,,,958.770203
0.960335632,3.361919,0,,,,960.335632
0.961901062,3.359662,0,,,,961.901062
0.963466187,3.357413,0,,,,963.466187
0.965031372,3.35517,0,,,,965.031372
0.966596313,3.352935,0,,,,966.596313
0.968161011,3.350706,0,,,,968.161011
0.969725708,3.348485,0,,,,969.725708
0.971290161,3.34627,0,,,,971.290161
0.972854492,3.344062,0,,,,972.854492
0.97441864,3.341861,0,,,,974.41864
0.975982727,3.339666,0,,,,975.982727
0.97754657,3.337477,0,,,,977.54657
0.979110352,3.335295,0,,,,979.110352
0.98067395,3.333119,0,,,,980.67395
0.982237427,3.330949,0,,,,982.237427
0.983800659,3.328784,0,,,,983.800659
0.985363892,3.326627,0,,,,985.363892
0.98692688,3.324474,0,,,,986.92688
0.988489624,3.322328,0,,,,988.489624
0.990052368,3.320187,0,,,,990.052368
0.991614929,3.318052,0,,,,991.614929
0.993177368,3.315923,0,,,,993.177368
0.994739563,3.313799,0,,,,994.739563
0.996301636,3.31168,0,,,,996.301636
0.997863586,3.309566,0,,,,997.863586
0.999425415,3.307458,0,,,,999.425415
1.012644043,3.289806,0,,,,1012.644043
1.01598584,3.285395,0,,,,1015.98584
1.019328796,3.281002,0,,,,1019.328796
1.022673157,3.276625,0,,,,1022.673157
1.026018799,3.272265,0,,,,1026.018799
1.029365479,3.267921,0,,,,1029.365479
1.032713623,3.263592,0,,,,1032.713623
1.036062744,3.259279,0,,,,1036.062744
1.03941333,3.25498,0,,,,1039.41333
1.042765015,3.250695,0,,,,1042.765015
1.04611792,3.246423,0,,,,1046.11792
1.049472168,3.242164,0,,,,1049.472168
1.052827393,3.237918,0,,,,1052.827393
1.05618396,3.233684,0,,,,1056.18396
1.059541626,3.229461,0,,,,1059.541626
1.062900513,3.22525,0,,,,1062.900513
1.066260498,3.22105,0,,,,1066.260498
1.069621582,3.216859,0,,,,1069.621582
1.072983887,3.212679,0,,,,1072.983887
1.076347412,3.208508,0,,,,1076.347412
1.079711792,3.204347,0,,,,1079.711792
1.083077515,3.200194,0,,,,1083.077515
1.086444336,3.196049,0,,,,1086.444336
1.089812256,3.191913,0,,,,1089.812256
1.093181152,3.187784,0,,,,1093.181152
1.096551147,3.183663,0,,,,1096.551147
1.099922241,3.179549,0,,,,1099.922241
1.103294434,3.175442,0,,,,1103.294434
1.106667725,3.17134,0,,,,1106.667725
1.110041992,3.167245,0,,,,1110.041992
1.113417236,3.163155,0,,,,1113.417236
1.116793701,3.159071,0,,,,1116.793701
1.120171021,3.154992,0,,,,1120.171021
1.123549438,3.150918,0,,,,1123.549438
1.126928833,3.146848,0,,,,1126.928833
1.130309204,3.142783,0,,,,1130.309204
1.133690674,3.138721,0,,,,1133.690674
1.137072998,3.134663,0,,,,1137.072998
1.140456299,3.130609,0,,,,1140.456299
1.143840576,3.126558,0,,,,1143.840576
1.14722583,3.122509,0,,,,1147.22583
1.150612061,3.118463,0,,,,1150.612061
1.153999268,3.11442,0,,,,1153.999268
1.157387451,3.110378,0,,,,1157.387451
1.160776367,3.106339,0,,,,1160.776367
1.16416626,3.102301,0,,,,1164.16626
1.167557129,3.098264,0,,,,1167.557129
1.170948853,3.094229,0,,,,1170.948853
1.174341553,3.090195,0,,,,1174.341553
1.177734985,3.086161,0,,,,1177.734985
1.181129395,3.082128,0,,,,1181.129395
1.184524658,3.078095,0,,,,1184.524658
1.187920654,3.074063,0,,,,1187.920654
1.191317627,3.070029,0,,,,1191.317627
1.194715454,3.065996,0,,,,1194.715454
1.198114014,3.061962,0,,,,1198.114014
1.201513428,3.057928,0,,,,1201.513428
1.204913818,3.053892,0,,,,1204.913818
1.208314697,3.049856,0,,,,1208.314697
1.211716553,3.045818,0,,,,1211.716553
1.215119385,3.041778,0,,,,1215.119385
1.218522705,3.037737,0,,,,1218.522705
1.221927002,3.033694,0,,,,1221.927002
1.225331787,3.029649,0,,,,1225.331787
1.228737549,3.025601,0,,,,1228.737549
1.232144043,3.021551,0,,,,1232.144043
1.23555127,3.017498,0,,,,1235.55127
1.238959229,3.013443,0,,,,1238.959229
1.24236792,3.009385,0,,,,1242.36792
1.245777222,3.005323,0,,,,1245.777222
1.249187256,3.001259,0,,,,1249.187256
1.252598145,2.997191,0,,,,1252.598145
1.256009521,2.993119,0,,,,1256.009521
1.259421631,2.989043,0,,,,1259.421631
1.262834595,2.984964,0,,,,1262.834595
1.266248047,2.98088,0,,,,1266.248047
1.269662109,2.976793,0,,,,1269.662109
1.273076904,2.9727,0,,,,1273.076904
1.276492432,2.968603,0,,,,1276.492432
1.279908447,2.964502,0,,,,1279.908447
1.283325073,2.960396,0,,,,1283.325073
1.286742432,2.956285,0,,,,1286.742432
1.290160278,2.952168,0,,,,1290.160278
1.293578857,2.948046,0,,,,1293.578857
1.296997803,2.943919,0,,,,1296.997803
1.30041748,2.939786,0,,,,1300.41748
1.303837769,2.935648,0,,,,1303.837769
1.307258545,2.931504,0,,,,1307.258545
1.310679932,2.927353,0,,,,1310.679932
1.314101807,2.923197,0,,,,1314.101807
1.31752417,2.919034,0,,,,1317.52417
1.320947266,2.914865,0,,,,1320.947266
1.324370728,2.91069,0,,,,1324.370728
1.327794678,2.906507,0,,,,1327.794678
1.331219238,2.902319,0,,,,1331.219238
1.334644287,2.898123,0,,,,1334.644287
1.338069702,2.89392,0,,,,1338.069702
1.341495728,2.88971,0,,,,1341.495728
1.344922119,2.885492,0,,,,1344.922119
1.348348999,2.881268,0,,,,1348.348999
1.351776489,2.877035,0,,,,1351.776489
1.355204224,2.872795,0,,,,1355.204224
1.358632568,2.868547,0,,,,1358.632568
1.362061157,2.864292,0,,,,1362.061157
1.365490234,2.860028,0,,,,1365.490234
1.3689198,2.855756,0,,,,1368.9198
1.372349731,2.851476,0,,,,1372.349731
1.375780029,2.847188,0,,,,1375.780029
1.379210693,2.842891,0,,,,1379.210693
1.382641846,2.838585,0,,,,1382.641846
1.386073242,2.83427,0,,,,1386.073242
1.389505127,2.829947,0,,,,1389.505127
1.392937256,2.825615,0,,,,1392.937256
1.396369751,2.821274,0,,,,1396.369751
1.399802612,2.816923,0,,,,1399.802612
1.403235718,2.812563,0,,,,1403.235718
1.406669312,2.808194,0,,,,1406.669312
1.410103149,2.803815,0,,,,1410.103149
1.413537231,2.799427,0,,,,1413.537231
1.41697168,2.795028,0,,,,1416.97168
1.420406372,2.79062,0,,,,1420.406372
1.423841309,2.786202,0,,,,1423.841309
1.427276611,2.781774,0,,,,1427.276611
1.430712158,2.777335,0,,,,1430.712158
1.434147827,2.772886,0,,,,1434.147827
1.437583862,2.768427,0,,,,1437.583862
1.441020264,2.763957,0,,,,1441.020264
1.444456665,2.759477,0,,,,1444.456665
1.447893311,2.754985,0,,,,1447.893311
1.451330322,2.750483,0,,,,1451.330322
1.454767334,2.74597,0,,,,1454.767334
1.458204712,2.741446,0,,,,1458.204712
1.461642212,2.73691,0,,,,1461.642212
1.465079834,2.732363,0,,,,1465.079834
1.468517822,2.727805,0,,,,1468.517822
1.471955811,2.723235,0,,,,1471.955811
1.475393921,2.718654,0,,,,1475.393921
1.478832275,2.714061,0,,,,1478.832275
1.482270752,2.709455,0,,,,1482.270752
1.485709229,2.704838,0,,,,1485.709229
1.489148071,2.700209,0,,,,1489.148071
1.492586792,2.695568,0,,,,1492.586792
1.496025757,2.690914,0,,,,1496.025757
1.499464722,2.686248,0,,,,1499.464722
1.502903809,2.681569,0,,,,1502.903809
1.506343018,2.676878,0,,,,1506.343018
1.509782349,2.672174,0,,,,1509.782349
1.513221558,2.667457,0,,,,1513.221558
1.516660889,2.662727,0,,,,1516.660889
1.520100342,2.657984,0,,,,1520.100342
1.523539795,2.653228,0,,,,1523.539795
1.526979248,2.648458,0,,,,1526.979248
1.530418701,2.643676,0,,,,1530.418701
1.533858276,2.638879,0,,,,1533.858276
1.537297729,2.634069,0,,,,1537.297729
1.540737305,2.629245,0,,,,1540.737305
1.544176758,2.624408,0,,,,1544.176758
1.547616333,2.619556,0,,,,1547.616333
1.551055664,2.614691,0,,,,1551.055664
1.554495117,2.609811,0,,,,1554.495117
1.557934448,2.604916,0,,,,1557.934448
1.561373779,2.600008,0,,,,1561.373779
1.564812988,2.595085,0,,,,1564.812988
1.568252197,2.590147,0,,,,1568.252197
1.571691162,2.585194,0,,,,1571.691162
1.575130249,2.580227,0,,,,1575.130249
1.578569092,2.575244,0,,,,1578.569092
1.582007935,2.570247,0,,,,1582.007935
1.585446533,2.565234,0,,,,1585.446533
1.588885132,2.560206,0,,,,1588.885132
1.592323486,2.555162,0,,,,1592.323486
1.595761841,2.550103,0,,,,1595.761841
1.599199951,2.545028,0,,,,1599.199951
1.602637939,2.539937,0,,,,1602.637939
1.606075806,2.534831,0,,,,1606.075806
1.609513428,2.529708,0,,,,1609.513428
1.612950928,2.524569,0,,,,1612.950928
1.616388184,2.519413,0,,,,1616.388184
1.619825317,2.514241,0,,,,1619.825317
1.623262085,2.509053,0,,,,1623.262085
1.626698853,2.503848,0,,,,1626.698853
1.630135254,2.498626,0,,,,1630.135254
1.633571533,2.493387,0,,,,1633.571533
1.637007446,2.488132,0,,,,1637.007446
1.640443115,2.482858,0,,,,1640.443115
1.64387854,2.477568,0,,,,1643.87854
1.647313843,2.47226,0,,,,1647.313843
1.650748657,2.466935,0,,,,1650.748657
1.65418335,2.461591,0,,,,1654.18335
1.657617798,2.45623,0,,,,1657.617798
1.661051758,2.450851,0,,,,1661.051758
1.664485596,2.445454,0,,,,1664.485596
1.667918945,2.440038,0,,,,1667.918945
1.671352173,2.434604,0,,,,1671.352173
1.674784912,2.429152,0,,,,1674.784912
1.678217407,2.423681,0,,,,1678.217407
1.681649414,2.41819,0,,,,1681.649414
1.685081055,2.412682,0,,,,1685.081055
1.688512451,2.407153,0,,,,1688.512451
1.691943604,2.401606,0,,,,1691.943604
1.695374268,2.396039,0,,,,1695.374268
1.698804321,2.390453,0,,,,1698.804321
