nm,n,k
0.191,0.862289322,2.58594762
0.192,0.875224364,2.60768597
0.193,0.88859414,2.62912044
0.194,0.902168473,2.6503223
0.195,0.916175478,2.67147584
0.196,0.930629856,2.69263242
0.197,0.945528481,2.71387725
0.198,0.961079992,2.73492728
0.199,0.976976875,2.75591743
0.2,0.993472664,2.77677397
0.201,1.01049586,2.79728132
0.202,1.02780145,2.81761197
0.203,1.04571974,2.83759037
0.204,1.06398993,2.85713156
0.205,1.08248257,2.87632618
0.206,1.10144873,2.89504174
0.207,1.12071783,2.91336877
0.208,1.14023242,2.9312921
0.209,1.16001069,2.94865911
0.21,1.17993528,2.96559383
0.211,1.19999228,2.98199599
0.212,1.22014372,2.99789928
0.213,1.2403305,3.01331206
0.214,1.26051324,3.02821019
0.215,1.28066421,3.04262759
0.216,1.30072061,3.05654907
0.217,1.32062335,3.06999602
0.218,1.34027745,3.08293039
0.219,1.35977979,3.09548127
0.22,1.37910996,3.10766186
0.221,1.39813638,3.11944678
0.222,1.41685993,3.1308922
0.223,1.43520717,3.14198889
0.224,1.45319505,3.15282068
0.225,1.47072413,3.1633782
0.226,1.48782032,3.17372905
0.227,1.50439538,3.18389658
0.228,1.52046466,3.19395417
0.229,1.53590976,3.20385928
0.23,1.55078687,3.21380066
0.231,1.56515897,3.22380027
0.232,1.5788519,3.23391351
0.233,1.59192516,3.24421509
0.234,1.6043553,3.25474667
0.235,1.61608472,3.26563903
0.236,1.62716369,3.27694149
0.237,1.63758261,3.28874921
0.238,1.64728034,3.30114554
0.239,1.65634943,3.31421314
0.24,1.66485044,3.32813392
0.241,1.67279073,3.34302912
0.242,1.68022583,3.35895752
0.243,1.68723159,3.37602061
0.244,1.69387767,3.3943402
0.245,1.70027155,3.41402901
0.246,1.70651583,3.43513798
0.247,1.71273538,3.45763221
0.248,1.71912308,3.48197019
0.249,1.72584587,3.50804664
0.25,1.73304195,3.53583813
0.251,1.7409049,3.56541268
0.252,1.74961956,3.59676071
0.253,1.75934298,3.62984238
0.254,1.77037201,3.66463586
0.255,1.78280733,3.70104166
0.256,1.7968798,3.73912331
0.257,1.81280573,3.7787914
0.258,1.83071134,3.81982329
0.259,1.85071021,3.86207409
0.26,1.87306158,3.90547078
0.261,1.8975977,3.94970504
0.262,1.9244594,3.9945702
0.263,1.95387052,4.04003804
0.264,1.98572922,4.0861644
0.265,2.02008422,4.1327239
0.266,2.0570134,4.17964051
0.267,2.09650665,4.22689404
0.268,2.13845568,4.27446577
0.269,2.18286924,4.32238381
0.27,2.23010088,4.37067029
0.271,2.28055285,4.41949719
0.272,2.33457345,4.46916638
0.273,2.39239323,4.51942041
0.274,2.45485699,4.57013055
0.275,2.52285645,4.6210117
0.276,2.59681687,4.67114095
0.277,2.67739777,4.71972461
0.278,2.76512165,4.76594239
0.279,2.86054579,4.80854669
0.28,2.96341526,4.84568876
0.281,3.0732498,4.87603661
0.282,3.18936245,4.89803151
0.283,3.31014511,4.90952218
0.284,3.43448612,4.90974641
0.285,3.56105934,4.89813505
0.286,3.68689425,4.87412286
0.287,3.81025158,4.83789237
0.288,3.92908171,4.78982535
0.289,4.04074818,4.73137129
0.29,4.1442847,4.66349208
0.291,4.23878556,4.58748359
0.292,4.32298298,4.50559011
0.293,4.39631218,4.41933843
0.294,4.45860959,4.33111149
0.295,4.51025265,4.24272363
0.296,4.55167209,4.15589178
0.297,4.58432181,4.07171891
0.298,4.60909942,3.99093761
0.299,4.62723349,3.9148542
0.3,4.64001089,3.8438322
0.301,4.64855769,3.77812864
0.302,4.65417724,3.71777933
0.303,4.65764338,3.6624945
0.304,4.65997094,3.61157777
0.305,4.66171713,3.56454882
0.306,4.66336507,3.52096971
0.307,4.66517373,3.48036209
0.308,4.66728915,3.4423166
0.309,4.6697737,3.40625851
0.31,4.67261378,3.37184925
0.311,4.67575222,3.33882333
0.312,4.67908803,3.3070044
0.313,4.68252286,3.27626191
0.314,4.68595406,3.24653423
0.315,4.68930983,3.21775737
0.316,4.69254189,3.18980606
0.317,4.69561094,3.16264991
0.318,4.69847545,3.136386
0.319,4.70113604,3.11104942
0.32,4.70362262,3.08662231
0.321,4.70596357,3.06311937
0.322,4.70817616,3.04056229
0.323,4.71032319,3.01892092
0.324,4.71244151,2.99815902
0.325,4.71460037,2.97829994
0.326,4.71682549,2.9593578
0.327,4.71918741,2.94125123
0.328,4.72171063,2.92392795
0.329,4.7244703,2.90736396
0.33,4.72748501,2.89155567
0.331,4.73079353,2.87646068
0.332,4.73440237,2.86205062
0.333,4.73836134,2.84822375
0.334,4.74268159,2.83494362
0.335,4.74738084,2.82217827
0.336,4.75246047,2.80991093
0.337,4.75793553,2.79807623
0.338,4.76380773,2.78664294
0.339,4.77008452,2.77556671
0.34,4.77677149,2.76480877
0.341,4.78386206,2.75436376
0.342,4.79135218,2.74422402
0.343,4.79924433,2.73435334
0.344,4.80755049,2.7247066
0.345,4.81626502,2.71528799
0.346,4.82540528,2.70608578
0.347,4.83497559,2.69708043
0.348,4.84499835,2.68822461
0.349,4.85548058,2.67952582
0.35,4.86642862,2.67096134
0.351,4.87787705,2.66250166
0.352,4.88983905,2.65411921
0.353,4.90233752,2.64578483
0.354,4.91537073,2.63748205
0.355,4.92895606,2.62915973
0.356,4.94314276,2.62078002
0.357,4.95797058,2.61226203
0.358,4.97344094,2.6035583
0.359,4.98949427,2.59466001
0.36,5.00612073,2.58552357
0.361,5.02338744,2.57603804
0.362,5.04134289,2.5660783
0.363,5.05991899,2.55562171
0.364,5.07900189,2.5446611
0.365,5.0985742,2.5331432
0.366,5.11867573,2.52091512
0.367,5.13931468,2.50790353
0.368,5.16038201,2.49409257
0.369,5.18171389,2.4794086
0.37,5.20327592,2.46383144
0.371,5.22503575,2.44730351
0.372,5.24697647,2.42983997
0.373,5.26899518,2.41141582
0.374,5.29085635,2.39191451
0.375,5.31253081,2.37133496
0.376,5.33396174,2.34972743
0.377,5.35508044,2.32709459
0.378,5.37586699,2.30344997
0.379,5.39607094,2.27886862
0.38,5.41563575,2.25340588
0.381,5.43454105,2.22708979
0.382,5.45263917,2.19993283
0.383,5.46993932,2.17193624
0.384,5.48634383,2.14325847
0.385,5.50169358,2.11409869
0.386,5.51601263,2.08445543
0.387,5.52928157,2.0544539
0.388,5.54150043,2.02416478
0.389,5.55268685,1.99360639
0.39,5.56279233,1.96310514
0.391,5.57181332,1.93274229
0.392,5.57979179,1.90253877
0.393,5.58689138,1.87266938
0.394,5.5931467,1.84314464
0.395,5.59863307,1.81402736
0.396,5.6035392,1.78555327
0.397,5.60787601,1.75773004
0.398,5.61179923,1.73055374
0.399,5.61561451,1.70401808
0.4,5.61932916,1.67811008
0.401,5.62310441,1.6527208
0.402,5.62717113,1.62771401
0.403,5.63152366,1.6030917
0.404,5.63625613,1.5786359
0.405,5.6414806,1.55405544
0.406,5.64718756,1.52935008
0.407,5.65332669,1.5043066
0.408,5.65982343,1.47864315
0.409,5.66667196,1.45237914
0.41,5.67372153,1.4253352
0.411,5.68070154,1.39719493
0.412,5.6875932,1.36796442
0.413,5.69422301,1.33763646
0.414,5.70013572,1.30617998
0.415,5.70531177,1.27365877
0.416,5.7096627,1.24011183
0.417,5.71272863,1.20566069
0.418,5.714462,1.17032697
0.419,5.71485599,1.13415134
0.42,5.71362701,1.09758013
0.421,5.71072174,1.06075695
0.422,5.706164,1.02372355
0.423,5.69987408,0.986829669
0.424,5.69180318,0.950282706
0.425,5.68196595,0.914081589
0.426,5.67047506,0.878422028
0.427,5.65753091,0.843705662
0.428,5.64316594,0.809967757
0.429,5.62744381,0.777250932
0.43,5.61067251,0.74572779
0.431,5.5929067,0.715421369
0.432,5.57416314,0.686339147
0.433,5.55468629,0.658538413
0.434,5.53467631,0.632066702
0.435,5.51416223,0.606933846
0.436,5.49323652,0.583135024
0.437,5.47213659,0.560573181
0.438,5.45088352,0.539231488
0.439,5.4295064,0.519091963
0.44,5.40816329,0.500087879
0.441,5.38697603,0.482167882
0.442,5.36594919,0.465330546
0.443,5.34513423,0.449542806
0.444,5.3245737,0.434581147
0.445,5.30427023,0.420401324
0.446,5.28423134,0.406989154
0.447,5.26449224,0.394288465
0.448,5.24508468,0.382233559
0.449,5.22600507,0.370822622
0.45,5.20727925,0.360048259
0.451,5.18891919,0.349829767
0.452,5.17091443,0.340115984
0.453,5.15326148,0.330906057
0.454,5.13595515,0.322153978
0.455,5.11896703,0.313776217
0.456,5.10228657,0.305753982
0.457,5.08591166,0.298086677
0.458,5.06985244,0.290758947
0.459,5.05410351,0.283740284
0.46,5.03866091,0.27702615
0.461,5.02352234,0.270615651
0.462,5.00867997,0.264480027
0.463,4.99410864,0.258576458
0.464,4.97980388,0.252901037
0.465,4.96576383,0.247453258
0.466,4.95198116,0.242214289
0.467,4.93844502,0.23716178
0.468,4.92515312,0.232294272
0.469,4.91210383,0.227611362
0.47,4.89929245,0.223103804
0.471,4.88670572,0.218749243
0.472,4.87434089,0.214545501
0.473,4.86219647,0.210492183
0.474,4.85026673,0.206583099
0.475,4.83853178,0.202794957
0.476,4.82698783,0.199124596
0.477,4.81563362,0.195571654
0.478,4.8044677,0.192134957
0.479,4.79348822,0.188804383
0.48,4.78269403,0.185576603
0.481,4.77208391,0.182451273
0.482,4.76165663,0.179428032
0.483,4.75139519,0.176494712
0.484,4.74128382,0.173639975
0.485,4.73132151,0.170863522
0.486,4.72150728,0.168165047
0.487,4.7118418,0.165543182
0.488,4.70232743,0.162992992
0.489,4.69296312,0.160513633
0.49,4.68374784,0.158104814
0.491,4.67467981,0.155765861
0.492,4.66574245,0.15348724
0.493,4.65692881,0.151264315
0.494,4.64823807,0.14909684
0.495,4.63966938,0.146984563
0.496,4.63122331,0.144926497
0.497,4.62289673,0.142918092
0.498,4.61468713,0.140958234
0.499,4.60659373,0.139046695
0.5,4.59861558,0.137183166
0.501,4.59074643,0.135363645
0.502,4.58298526,0.133585631
0.503,4.57533152,0.131848903
0.504,4.5677845,0.130153261
0.505,4.56034286,0.128498075
0.506,4.55299844,0.126879117
0.507,4.54574417,0.125293687
0.508,4.53857938,0.12374159
0.509,4.53150343,0.122222653
0.51,4.52451565,0.120736179
0.511,4.51761674,0.11928041
0.512,4.51080758,0.117854922
0.513,4.50408754,0.116459555
0.514,4.49745599,0.115094153
0.515,4.49091123,0.113757627
0.516,4.4844486,0.112447393
0.517,4.47806551,0.111162479
0.518,4.4717614,0.10990275
0.519,4.46553571,0.108668068
0.52,4.4593851,0.107457173
0.521,4.45330423,0.106267875
0.522,4.44729148,0.105099478
0.523,4.44134638,0.103951865
0.524,4.43546847,0.102824918
0.525,4.42965754,0.101718178
0.526,4.42391358,0.100630775
0.527,4.41823601,0.099562209
0.528,4.41262435,0.098512363
0.529,4.40707815,0.097481131
0.53,4.40159622,0.096468042
0.531,4.39617594,0.095471855
0.532,4.39081586,0.094491881
0.533,4.3855154,0.093527947
0.534,4.38027416,0.092579962
0.535,4.37509147,0.091647704
0.536,4.36996499,0.090730107
0.537,4.36489219,0.089826384
0.538,4.3598717,0.088936173
0.539,4.35490315,0.088059394
0.54,4.34998618,0.087195968
0.541,4.34512014,0.086345486
0.542,4.34030453,0.085507577
0.543,4.33553924,0.084682001
0.544,4.33082394,0.083868674
0.545,4.32615826,0.083067524
0.546,4.32154141,0.08227829
0.547,4.31697117,0.081500132
0.548,4.31244634,0.080732663
0.549,4.30796613,0.079975657
0.55,4.30353023,0.079229052
0.551,4.29913832,0.078492785
0.552,4.29478948,0.077766502
0.553,4.29048275,0.077049836
0.554,4.28621706,0.07634247
0.555,4.28199194,0.07564429
0.556,4.27780711,0.074955239
0.557,4.27366227,0.074275246
0.558,4.2695567,0.073603997
0.559,4.26548995,0.072941324
0.56,4.26146164,0.072287076
0.561,4.25747148,0.071641191
0.562,4.25351921,0.071003619
0.563,4.2496044,0.07037425
0.564,4.24572574,0.069752624
0.565,4.24188254,0.069138557
0.566,4.23807382,0.068531803
0.567,4.23429927,0.067932304
0.568,4.23055866,0.067340016
0.569,4.2268515,0.066754831
0.57,4.22317611,0.066176338
0.571,4.21953195,0.065604412
0.572,4.21591847,0.065038907
0.573,4.21233543,0.064479775
0.574,4.20878263,0.063926977
0.575,4.20525998,0.06338048
0.576,4.2017683,0.062840286
0.577,4.19830759,0.06230636
0.578,4.19487748,0.061778602
0.579,4.19147772,0.061256961
0.58,4.18810811,0.060741401
0.581,4.18476838,0.060231873
0.582,4.18145646,0.059727954
0.583,4.17817124,0.059229419
0.584,4.1749122,0.058736148
0.585,4.17167894,0.058248057
0.586,4.16847128,0.057765115
0.587,4.16528906,0.057287289
0.588,4.16213233,0.056814553
0.589,4.15900134,0.056346884
0.59,4.15589572,0.055884215
0.591,4.15281479,0.055426419
0.592,4.14975834,0.054973461
0.593,4.1467262,0.054525312
0.594,4.14371818,0.054081931
0.595,4.14073369,0.053643157
0.596,4.13777243,0.053208923
0.597,4.13483461,0.052779228
0.598,4.13192029,0.052354063
0.599,4.12902931,0.0519334
0.6,4.12616151,0.05151721
0.601,4.12331646,0.051105404
0.602,4.12049315,0.050697758
0.603,4.11769127,0.050294215
0.604,4.11490982,0.049894618
0.605,4.11214849,0.04949891
0.606,4.10940713,0.049107069
0.607,4.10668562,0.048719071
0.608,4.10398389,0.048334888
0.609,4.10130193,0.047954495
0.61,4.09863967,0.047577871
0.611,4.09599719,0.047205008
0.612,4.0933744,0.046835884
0.613,4.09077116,0.046470476
0.614,4.08818735,0.046108762
0.615,4.08562255,0.045750649
0.616,4.08307622,0.04539601
0.617,4.08054821,0.045044815
0.618,4.07803821,0.044697006
0.619,4.07554608,0.044352558
0.62,4.0730717,0.044011449
0.621,4.07061496,0.043673659
0.622,4.06817576,0.043339157
0.623,4.06575397,0.043007901
0.624,4.06334946,0.042679864
0.625,4.06096176,0.042354962
0.626,4.05859068,0.04203316
0.627,4.0562361,0.041714439
0.628,4.05389792,0.041398779
0.629,4.05157596,0.041086148
0.63,4.04926966,0.040776426
0.631,4.04697881,0.040469575
0.632,4.04470338,0.04016558
0.633,4.0424433,0.039864426
0.634,4.04019848,0.039566094
0.635,4.03796882,0.039270569
0.636,4.03575422,0.038977832
0.637,4.03355456,0.038687846
0.638,4.0313697,0.03840057
0.639,4.02919951,0.038115979
0.64,4.02704368,0.037834015
0.641,4.02490208,0.037554656
0.642,4.02277463,0.037277887
0.643,4.02066124,0.03700369
0.644,4.0185618,0.036732047
0.645,4.01647605,0.036462893
0.646,4.01440384,0.036196196
0.647,4.0123451,0.035931936
0.648,4.01029976,0.035670094
0.649,4.00826773,0.035410655
0.65,4.00624893,0.035153605
0.651,4.00424328,0.034898927
0.652,4.00225068,0.034646603
0.653,4.00027091,0.034396578
0.654,3.99830386,0.034148828
0.655,3.99634931,0.033903315
0.656,3.99440705,0.033660006
0.657,3.99247701,0.033418886
0.658,3.99055911,0.033179943
0.659,3.98865328,0.032943162
0.66,3.98675942,0.032708526
0.661,3.98487728,0.032475975
0.662,3.98300675,0.032245486
0.663,3.98114774,0.032017039
0.664,3.97930019,0.031790613
0.665,3.97746401,0.031566196
0.666,3.97563915,0.031343777
0.667,3.97382553,0.031123342
0.668,3.97202308,0.03090488
0.669,3.9702317,0.030688359
0.67,3.96845128,0.030473753
0.671,3.96668173,0.030261044
0.672,3.96492292,0.030050205
0.673,3.96317476,0.029841222
0.674,3.96143721,0.029634085
0.675,3.95971019,0.029428782
0.676,3.95799365,0.029225303
0.677,3.95628745,0.029023622
0.678,3.95459129,0.028823677
0.679,3.95290509,0.02862545
0.68,3.95122873,0.028428918
0.681,3.94956214,0.028234067
0.682,3.94790526,0.028040886
0.683,3.94625803,0.027849365
0.684,3.94462039,0.027659494
0.685,3.94299229,0.027471263
0.686,3.9413737,0.027284659
0.687,3.93976461,0.027099668
0.688,3.93816494,0.026916273
0.689,3.93657455,0.02673445
0.69,3.93499341,0.026554187
0.691,3.93342144,0.026375477
0.692,3.9318586,0.026198309
0.693,3.93030483,0.026022673
0.694,3.92876007,0.025848562
0.695,3.9272242,0.025675941
0.696,3.92569705,0.025504777
0.697,3.92417857,0.025335057
0.698,3.92266869,0.025166763
0.699,3.92116735,0.024999889
0.7,3.91967451,0.024834424
0.701,3.91819013,0.024670361
0.702,3.91671414,0.024507692
0.703,3.9152465,0.024346407
0.704,3.91378714,0.024186491
0.705,3.912336,0.024027917
0.706,3.91089297,0.023870668
0.707,3.90945792,0.02371472
0.708,3.9080308,0.023560064
0.709,3.90661158,0.023406694
0.71,3.90520019,0.023254601
0.711,3.90379661,0.023103778
0.712,3.90240077,0.022954217
0.713,3.90101263,0.022805908
0.714,3.899632,0.022658817
0.715,3.8982588,0.022512927
0.716,3.89689301,0.02236823
0.717,3.8955346,0.022224717
0.718,3.89418353,0.022082383
0.719,3.89283974,0.02194122
0.72,3.89150321,0.021801221
0.721,3.89017388,0.021662379
0.722,3.88885173,0.021524688
0.723,3.8875367,0.021388135
0.724,3.88622878,0.021252698
0.725,3.88492789,0.021118361
0.726,3.88363395,0.020985107
0.727,3.88234692,0.020852932
0.728,3.88106677,0.020721828
0.729,3.87979345,0.020591789
0.73,3.87852692,0.020462809
0.731,3.87726716,0.020334882
0.732,3.87601411,0.020208001
0.733,3.87476769,0.020082151
0.734,3.87352768,0.019957297
0.735,3.87229402,0.019833427
0.736,3.87106667,0.01971053
0.737,3.86984561,0.019588603
0.738,3.86863078,0.019467638
0.739,3.86742217,0.019347631
0.74,3.86621973,0.019228576
0.741,3.86502344,0.019110466
0.742,3.86383324,0.018993298
0.743,3.86264915,0.018877065
0.744,3.86147125,0.018761761
0.745,3.86029949,0.018647373
0.746,3.85913381,0.01853389
0.747,3.85797417,0.018421307
0.748,3.85682055,0.01830962
0.749,3.85567291,0.018198822
0.75,3.85453121,0.018088909
0.751,3.85339542,0.017979877
0.752,3.85226552,0.017871718
0.753,3.85114146,0.017764429
0.754,3.8500231,0.017657987
0.755,3.84891022,0.017552358
0.756,3.84780281,0.017447533
0.757,3.84670084,0.017343507
0.758,3.84560427,0.017240277
0.759,3.84451307,0.017137836
0.76,3.84342722,0.017036181
0.761,3.8423467,0.016935308
0.762,3.84127146,0.016835211
0.763,3.84020148,0.016735886
0.764,3.83913674,0.016637329
0.765,3.83807726,0.016539532
0.766,3.83702299,0.016442479
0.767,3.83597387,0.016346161
0.768,3.8349299,0.016250576
0.769,3.83389102,0.016155719
0.77,3.83285723,0.016061585
0.771,3.83182848,0.015968172
0.772,3.83080476,0.015875474
0.773,3.82978604,0.015783487
0.774,3.82877229,0.015692208
0.775,3.82776348,0.015601633
0.776,3.82675954,0.015511746
0.777,3.8257604,0.015422529
0.778,3.82476604,0.015333975
0.779,3.82377644,0.015246083
0.78,3.82279157,0.015158847
0.781,3.82181141,0.015072265
0.782,3.82083593,0.014986332
0.783,3.81986511,0.014901045
0.784,3.81889892,0.0148164
0.785,3.81793734,0.014732395
0.786,3.81698034,0.014649024
0.787,3.8160279,0.014566283
0.788,3.81507992,0.01448415
0.789,3.81413636,0.014402617
0.79,3.8131972,0.014321681
0.791,3.81226242,0.014241338
0.792,3.811332,0.014161585
0.793,3.8104059,0.014082419
0.794,3.80948412,0.014003836
0.795,3.80856663,0.013925834
0.796,3.8076534,0.013848408
0.797,3.80674441,0.013771556
0.798,3.80583965,0.013695275
0.799,3.8049391,0.013619558
0.8,3.80404272,0.01354439
0.801,3.80315048,0.013469764
0.802,3.80226236,0.013395678
0.803,3.80137834,0.01332213
0.804,3.8004984,0.013249115
0.805,3.79962251,0.013176631
0.806,3.79875066,0.013104675
0.807,3.79788282,0.013033244
0.808,3.79701898,0.012962336
0.809,3.79615911,0.012891946
0.81,3.79530319,0.012822074
0.811,3.79445116,0.012752708
0.812,3.79360294,0.012683833
0.813,3.79275848,0.012615442
0.814,3.79191777,0.012547532
0.815,3.7910808,0.012480101
0.816,3.79024753,0.012413146
0.817,3.78941796,0.012346665
0.818,3.78859206,0.012280654
0.819,3.78776981,0.012215111
0.82,3.78695121,0.012150034
0.821,3.78613622,0.012085421
0.822,3.78532483,0.012021268
0.823,3.78451704,0.011957571
0.824,3.78371283,0.011894324
0.825,3.78291219,0.01183152
0.826,3.78211511,0.011769154
0.827,3.78132157,0.011707225
0.828,3.78053154,0.011645729
0.829,3.77974502,0.011584665
0.83,3.77896199,0.011524031
0.831,3.77818242,0.011463823
0.832,3.7774063,0.01140404
0.833,3.77663362,0.011344679
0.834,3.77586436,0.011285738
0.835,3.77509848,0.011227215
0.836,3.77433597,0.011169101
0.837,3.77357679,0.011111393
0.838,3.77282087,0.011054078
0.839,3.77206818,0.010997153
0.84,3.77131871,0.010940616
0.841,3.77057245,0.010884464
0.842,3.76982937,0.010828696
0.843,3.76908947,0.010773309
0.844,3.76835272,0.010718302
0.845,3.76761912,0.010663672
0.846,3.76688864,0.010609417
0.847,3.76616128,0.010555536
0.848,3.765437,0.010502024
0.849,3.76471579,0.010448877
0.85,3.76399761,0.010396092
0.851,3.76328247,0.010343664
0.852,3.76257036,0.010291586
0.853,3.76186125,0.010239858
0.854,3.76115513,0.010188478
0.855,3.760452,0.010137443
0.856,3.75975183,0.010086753
0.857,3.75905461,0.010036404
0.858,3.75836034,0.009986396
0.859,3.75766898,0.009936726
0.86,3.75698053,0.009887393
0.861,3.75629498,0.009838394
0.862,3.75561231,0.009789726
0.863,3.75493252,0.009741385
0.864,3.75425558,0.009693371
0.865,3.75358145,0.009645676
0.866,3.7529101,0.009598293
0.867,3.75224151,0.00955122
0.868,3.75157567,0.009504457
0.869,3.75091256,0.009458001
0.87,3.75025217,0.009411851
0.871,3.7495945,0.009366005
0.872,3.74893952,0.009320461
0.873,3.74828722,0.009275219
0.874,3.7476376,0.009230276
0.875,3.74699062,0.009185629
0.876,3.74634626,0.009141274
0.877,3.7457045,0.009097208
0.878,3.74506534,0.009053431
0.879,3.74442875,0.00900994
0.88,3.74379473,0.008966729
0.881,3.74316327,0.008923796
0.882,3.74253436,0.008881141
0.883,3.74190799,0.008838761
0.884,3.74128414,0.008796655
0.885,3.7406628,0.008754822
0.886,3.74004396,0.00871326
0.887,3.73942761,0.008671969
0.888,3.73881374,0.008630945
0.889,3.73820233,0.008590189
0.89,3.73759339,0.008549695
0.891,3.73698689,0.008509463
0.892,3.73638283,0.008469491
0.893,3.73578119,0.008429779
0.894,3.73518196,0.008390322
0.895,3.73458509,0.008351113
0.896,3.73399057,0.008312151
0.897,3.7333984,0.008273434
0.898,3.73280855,0.008234962
0.899,3.73222103,0.008196732
0.9,3.73163582,0.008158744
0.901,3.7310529,0.008120997
0.902,3.73047228,0.00808349
0.903,3.72989393,0.00804622
0.904,3.72931782,0.008009183
0.905,3.72874395,0.007972379
0.906,3.7281723,0.007935805
0.907,3.72760285,0.00789946
0.908,3.72703561,0.007863343
0.909,3.72647055,0.007827454
0.91,3.72590768,0.007791787
0.911,3.72534699,0.00775634
0.912,3.72478847,0.007721113
0.913,3.7242321,0.007686104
0.914,3.72367789,0.007651312
0.915,3.72312581,0.007616736
0.916,3.72257585,0.007582375
0.917,3.72202802,0.007548228
0.918,3.7214823,0.007514294
0.919,3.72093868,0.007480569
0.92,3.72039716,0.007447053
0.921,3.71985772,0.007413745
0.922,3.71932036,0.007380643
0.923,3.71878507,0.007347747
0.924,3.71825184,0.007315055
0.925,3.71772065,0.007282566
0.926,3.71719148,0.007250275
0.927,3.71666431,0.007218179
0.928,3.71613913,0.007186278
0.929,3.71561593,0.007154571
0.93,3.7150947,0.007123056
0.931,3.71457543,0.007091732
0.932,3.71405813,0.007060599
0.933,3.71354276,0.007029656
0.934,3.71302933,0.0069989
0.935,3.7125178,0.006968329
0.936,3.71200818,0.006937941
0.937,3.71150044,0.006907736
0.938,3.71099459,0.006877713
0.939,3.71049061,0.006847872
0.94,3.7099885,0.00681821
0.941,3.70948825,0.006788728
0.942,3.70898985,0.006759422
0.943,3.70849326,0.006730288
0.944,3.70799849,0.006701324
0.945,3.70750553,0.00667253
0.946,3.70701436,0.006643904
0.947,3.70652499,0.006615446
0.948,3.70603739,0.006587155
0.949,3.70555157,0.00655903
0.95,3.70506752,0.00653107
0.951,3.70458523,0.006503273
0.952,3.70410471,0.006475638
0.953,3.70362593,0.006448164
0.954,3.7031489,0.00642085
0.955,3.7026736,0.006393696
0.956,3.70220003,0.006366702
0.957,3.70172818,0.006339865
0.958,3.70125804,0.006313186
0.959,3.70078961,0.006286664
0.96,3.70032292,0.0062603
0.961,3.69985797,0.006234093
0.962,3.69939474,0.006208042
0.963,3.69893323,0.006182147
0.964,3.69847343,0.006156407
0.965,3.69801534,0.006130821
0.966,3.69755895,0.006105388
0.967,3.69710422,0.006080105
0.968,3.69665117,0.006054973
0.969,3.69619977,0.006029989
0.97,3.69575003,0.006005154
0.971,3.69530192,0.005980466
0.972,3.69485546,0.005955925
0.973,3.69441063,0.00593153
0.974,3.69396742,0.005907281
0.975,3.69352583,0.005883176
0.976,3.69308585,0.005859215
0.977,3.69264744,0.005835395
0.978,3.69221053,0.005811705
0.979,3.69177508,0.005788143
0.98,3.69134111,0.005764709
0.981,3.69090859,0.005741401
0.982,3.69047753,0.00571822
0.983,3.69004792,0.005695164
0.984,3.68961974,0.005672232
0.985,3.68919299,0.005649421
0.986,3.68876766,0.005626732
0.987,3.68834375,0.005604165
0.988,3.68792124,0.005581718
0.989,3.68750015,0.00555939
0.99,3.68708045,0.005537182
0.991,3.68666215,0.005515094
0.992,3.68624523,0.005493123
0.993,3.68582969,0.00547127
0.994,3.68541554,0.005449534
0.995,3.68500275,0.005427915
0.996,3.68459139,0.005406416
0.997,3.68418151,0.005385037
0.998,3.68377309,0.005363779
0.999,3.68336613,0.005342641
1,3.68296062,0.005321623
1.001,3.68255657,0.005300724
1.002,3.68215398,0.005279944
1.003,3.68175284,0.005259282
1.004,3.68135316,0.005238738
1.005,3.68095491,0.005218312
1.006,3.68055811,0.005198002
1.007,3.68016273,0.005177809
1.008,3.67976878,0.005157731
1.009,3.67937625,0.005137769
1.01,3.67898513,0.005117921
1.011,3.67859542,0.005098187
1.012,3.67820711,0.005078567
1.013,3.6778202,0.005059061
1.014,3.67743467,0.005039666
1.015,3.67705049,0.005020381
1.016,3.67666757,0.005001199
1.017,3.67628588,0.00498212
1.018,3.67590544,0.004963142
1.019,3.67552622,0.004944265
1.02,3.67514818,0.004925483
1.021,3.6747713,0.004906797
1.022,3.6743956,0.004888206
1.023,3.67402105,0.004869709
1.024,3.67364766,0.004851306
1.025,3.67327543,0.004832997
1.026,3.67290434,0.004814782
1.027,3.6725344,0.004796659
1.028,3.6721656,0.004778628
1.029,3.67179793,0.00476069
1.03,3.67143139,0.004742843
1.031,3.67106598,0.004725087
1.032,3.67070169,0.004707423
1.033,3.67033852,0.004689848
1.034,3.66997646,0.004672364
1.035,3.66961554,0.004654969
1.036,3.66925582,0.004637666
1.037,3.66889731,0.004620455
1.038,3.66854002,0.004603334
1.039,3.66818398,0.004586306
1.04,3.66782918,0.00456937
1.041,3.66747562,0.004552525
1.042,3.66712329,0.004535772
1.043,3.66677219,0.004519108
1.044,3.66642232,0.004502535
1.045,3.66607366,0.004486052
1.046,3.66572622,0.004469659
1.047,3.66537999,0.004453354
1.048,3.66503496,0.004437138
1.049,3.66469113,0.00442101
1.05,3.66434849,0.00440497
1.051,3.66400705,0.004389017
1.052,3.66366679,0.004373151
1.053,3.6633277,0.004357373
1.054,3.6629898,0.00434168
1.055,3.66265306,0.004326073
1.056,3.66231746,0.00431055
1.057,3.66198295,0.004295106
1.058,3.66164947,0.004279739
1.059,3.661317,0.004264448
1.06,3.66098554,0.004249232
1.061,3.66065509,0.004234091
1.062,3.66032564,0.004219025
1.063,3.65999719,0.004204033
1.064,3.65966973,0.004189115
1.065,3.65934327,0.004174271
1.066,3.65901779,0.004159501
1.067,3.6586933,0.004144803
1.068,3.65836978,0.004130178
1.069,3.65804725,0.004115626
1.07,3.65772568,0.004101146
1.071,3.65740509,0.004086737
1.072,3.65708546,0.004072401
1.073,3.65676679,0.004058135
1.074,3.65644909,0.00404394
1.075,3.65613233,0.004029816
1.076,3.65581653,0.004015762
1.077,3.65550167,0.004001778
1.078,3.65518779,0.003987864
1.079,3.65487489,0.003974017
1.08,3.65456297,0.003960239
1.081,3.65425204,0.003946529
1.082,3.65394208,0.003932886
1.083,3.65363309,0.00391931
1.084,3.65332507,0.003905801
1.085,3.65301801,0.003892359
1.086,3.65271192,0.003878983
1.087,3.65240678,0.003865674
1.088,3.6521026,0.00385243
1.089,3.65179937,0.003839252
1.09,3.65149708,0.003826139
1.091,3.65119574,0.003813091
1.092,3.65089534,0.003800107
1.093,3.65059587,0.003787188
1.094,3.65029734,0.003774333
1.095,3.64999973,0.003761542
1.096,3.64970305,0.003748815
1.097,3.64940729,0.003736151
1.098,3.64911245,0.00372355
1.099,3.64881851,0.003711011
1.1,3.64852544,0.003698532
1.101,3.64823327,0.003686113
1.102,3.64794202,0.003673756
1.103,3.64765168,0.003661458
1.104,3.64736225,0.003649221
1.105,3.64707372,0.003637043
1.106,3.64678609,0.003624924
1.107,3.64649935,0.003612865
1.108,3.6462135,0.003600865
1.109,3.64592855,0.003588923
1.11,3.64564448,0.00357704
1.111,3.64536129,0.003565215
1.112,3.64507898,0.003553448
1.113,3.64479755,0.003541739
1.114,3.64451699,0.003530088
1.115,3.6442373,0.003518493
1.116,3.64395848,0.003506956
1.117,3.64368052,0.003495475
1.118,3.64340341,0.003484051
1.119,3.64312717,0.003472683
1.12,3.64285178,0.003461371
1.121,3.64257723,0.003450115
1.122,3.64230354,0.003438913
1.123,3.64203068,0.003427766
1.124,3.64175865,0.003416673
1.125,3.64148738,0.00340563
1.126,3.64121687,0.003394635
1.127,3.64094711,0.00338369
1.128,3.6406781,0.003372794
1.129,3.64040984,0.003361947
1.13,3.64014233,0.003351148
1.131,3.63987555,0.003340398
1.132,3.63960952,0.003329695
1.133,3.63934423,0.003319041
1.134,3.63907967,0.003308434
1.135,3.63881584,0.003297875
1.136,3.63855274,0.003287363
1.137,3.63829037,0.003276898
1.138,3.63802873,0.00326648
1.139,3.6377678,0.003256109
1.14,3.6375076,0.003245785
1.141,3.63724811,0.003235507
1.142,3.63698934,0.003225275
1.143,3.63673128,0.00321509
1.144,3.63647395,0.00320495
1.145,3.63621735,0.003194856
1.146,3.63596148,0.003184807
1.147,3.63570633,0.003174805
1.148,3.6354519,0.003164847
1.149,3.63519822,0.003154935
1.15,3.6349453,0.003145069
1.151,3.63469316,0.003135249
1.152,3.63444178,0.003125475
1.153,3.63419117,0.003115747
1.154,3.63394131,0.003106064
1.155,3.63369222,0.003096426
1.156,3.63344388,0.003086834
1.157,3.63319629,0.003077286
1.158,3.63294946,0.003067783
1.159,3.63270337,0.003058325
1.16,3.63245803,0.003048911
1.161,3.63221343,0.003039542
1.162,3.63196956,0.003030216
1.163,3.63172644,0.003020935
1.164,3.63148405,0.003011697
1.165,3.63124239,0.003002502
1.166,3.63100146,0.002993351
1.167,3.63076124,0.002984242
1.168,3.6305217,0.002975175
1.169,3.63028285,0.002966148
1.17,3.63004468,0.002957163
1.171,3.62980718,0.002948218
1.172,3.62957036,0.002939313
1.173,3.62933422,0.002930449
1.174,3.62909874,0.002921626
1.175,3.62886392,0.002912841
1.176,3.62862973,0.002904094
1.177,3.62839617,0.002895384
1.178,3.62816324,0.002886712
1.179,3.62793094,0.002878076
1.18,3.62769927,0.002869477
1.181,3.62746821,0.002860916
1.182,3.62723778,0.002852391
1.183,3.62700797,0.002843902
1.184,3.62677878,0.00283545
1.185,3.62655019,0.002827033
1.186,3.62632222,0.002818653
1.187,3.62609487,0.002810309
1.188,3.62586812,0.002802001
1.189,3.62564197,0.002793728
1.19,3.62541643,0.002785491
1.191,3.6251915,0.002777289
1.192,3.62496718,0.002769123
1.193,3.62474349,0.002760992
1.194,3.62452043,0.002752897
1.195,3.62429799,0.002744837
1.196,3.62407617,0.002736813
1.197,3.62385496,0.002728823
1.198,3.62363438,0.002720868
1.199,3.6234144,0.002712948
1.2,3.62319504,0.002705062
1.201,3.62297629,0.002697211
1.202,3.62275814,0.002689394
1.203,3.62254062,0.002681611
1.204,3.6223237,0.002673862
1.205,3.6221074,0.002666146
1.206,3.6218917,0.002658464
1.207,3.62167661,0.002650815
1.208,3.62146213,0.002643199
1.209,3.62124824,0.002635616
1.21,3.62103496,0.002628066
1.211,3.62082228,0.002620549
1.212,3.62061019,0.002613064
1.213,3.6203987,0.002605612
1.214,3.6201878,0.002598193
1.215,3.61997749,0.002590806
1.216,3.61976777,0.002583451
1.217,3.61955863,0.002576127
1.218,3.61935006,0.002568835
1.219,3.61914205,0.002561573
1.22,3.61893461,0.002554342
1.221,3.61872773,0.002547142
1.222,3.61852141,0.002539973
1.223,3.61831565,0.002532833
1.224,3.61811044,0.002525724
1.225,3.6179058,0.002518646
1.226,3.6177017,0.002511597
1.227,3.61749815,0.002504578
1.228,3.61729516,0.002497589
1.229,3.61709271,0.002490629
1.23,3.6168908,0.0024837
1.231,3.61668944,0.002476798
1.232,3.6164886,0.002469926
1.233,3.6162883,0.002463081
1.234,3.61608853,0.002456264
1.235,3.61588929,0.002449476
1.236,3.61569057,0.002442715
1.237,3.61549238,0.002435982
1.238,3.61529471,0.002429277
1.239,3.61509756,0.002422599
1.24,3.61490093,0.002415948
1.241,3.61470482,0.002409326
1.242,3.61450923,0.00240273
1.243,3.61431415,0.002396161
1.244,3.61411958,0.00238962
1.245,3.61392553,0.002383105
1.246,3.613732,0.002376617
1.247,3.61353898,0.002370155
1.248,3.61334647,0.00236372
1.249,3.61315447,0.002357311
1.25,3.61296298,0.002350929
1.251,3.61277199,0.002344572
1.252,3.61258151,0.002338242
1.253,3.61239153,0.002331938
1.254,3.61220206,0.002325659
1.255,3.61201308,0.002319407
1.256,3.6118246,0.00231318
1.257,3.61163662,0.002306979
1.258,3.61144913,0.002300803
1.259,3.61126213,0.002294653
1.26,3.61107562,0.002288527
1.261,3.6108896,0.002282427
1.262,3.61070404,0.00227635
1.263,3.61051896,0.002270297
1.264,3.61033436,0.002264268
1.265,3.61015022,0.002258263
1.266,3.60996655,0.002252282
1.267,3.60978334,0.002246324
1.268,3.6096006,0.00224039
1.269,3.60941833,0.002234479
1.27,3.60923652,0.002228591
1.271,3.60905517,0.002222727
1.272,3.60887427,0.002216886
1.273,3.60869383,0.002211067
1.274,3.60851384,0.002205271
1.275,3.6083343,0.002199498
1.276,3.60815521,0.002193747
1.277,3.60797657,0.002188018
1.278,3.60779838,0.002182311
1.279,3.60762063,0.002176627
1.28,3.60744333,0.002170965
1.281,3.60726646,0.002165325
1.282,3.60709004,0.002159707
1.283,3.60691406,0.00215411
1.284,3.60673852,0.002148536
1.285,3.60656341,0.002142983
1.286,3.60638874,0.002137452
1.287,3.6062145,0.002131942
1.288,3.6060407,0.002126454
1.289,3.60586733,0.002120987
1.29,3.60569438,0.002115541
1.291,3.60552187,0.002110117
1.292,3.60534979,0.002104714
1.293,3.60517816,0.002099332
1.294,3.60500696,0.002093971
1.295,3.6048362,0.002088631
1.296,3.60466589,0.002083312
1.297,3.604496,0.002078014
1.298,3.60432656,0.002072736
1.299,3.60415755,0.002067479
1.3,3.60398897,0.002062243
1.301,3.60382081,0.002057026
1.302,3.60365308,0.00205183
1.303,3.60348577,0.002046654
1.304,3.60331888,0.002041497
1.305,3.6031524,0.002036361
1.306,3.60298635,0.002031244
1.307,3.60282071,0.002026146
1.308,3.60265548,0.002021068
1.309,3.60249067,0.00201601
1.31,3.60232627,0.002010971
1.311,3.60216228,0.002005952
1.312,3.6019987,0.002000952
1.313,3.60183552,0.001995971
1.314,3.60167276,0.001991009
1.315,3.6015104,0.001986066
1.316,3.60134844,0.001981142
1.317,3.60118688,0.001976238
1.318,3.60102573,0.001971352
1.319,3.60086498,0.001966485
1.32,3.60070463,0.001961636
1.321,3.60054467,0.001956807
1.322,3.60038512,0.001951996
1.323,3.60022596,0.001947203
1.324,3.60006719,0.001942429
1.325,3.5999088,0.001937673
1.326,3.5997508,0.001932935
1.327,3.59959316,0.001928213
1.328,3.5994359,0.001923509
1.329,3.59927901,0.001918822
1.33,3.59912249,0.001914152
1.331,3.59896635,0.0019095
1.332,3.59881058,0.001904864
1.333,3.59865519,0.001900245
1.334,3.59850017,0.001895644
1.335,3.59834553,0.001891059
1.336,3.59819126,0.00188649
1.337,3.59803736,0.001881939
1.338,3.59788383,0.001877404
1.339,3.59773067,0.001872886
1.34,3.59757788,0.001868384
1.341,3.59742546,0.001863899
1.342,3.5972734,0.00185943
1.343,3.59712171,0.001854977
1.344,3.59697038,0.001850541
1.345,3.59681941,0.001846121
1.346,3.5966688,0.001841717
1.347,3.59651856,0.00183733
1.348,3.59636867,0.001832958
1.349,3.59621915,0.001828603
1.35,3.59606998,0.001824264
1.351,3.59592116,0.00181994
1.352,3.5957727,0.001815632
1.353,3.5956246,0.001811341
1.354,3.59547685,0.001807064
1.355,3.59532945,0.001802804
1.356,3.5951824,0.001798559
1.357,3.5950357,0.00179433
1.358,3.59488934,0.001790117
1.359,3.59474334,0.001785918
1.36,3.59459769,0.001781736
1.361,3.59445241,0.001777569
1.362,3.59430748,0.001773417
1.363,3.59416291,0.00176928
1.364,3.59401869,0.001765158
1.365,3.59387481,0.001761052
1.366,3.59373128,0.001756959
1.367,3.5935881,0.001752882
1.368,3.59344526,0.001748819
1.369,3.59330276,0.001744771
1.37,3.59316061,0.001740738
1.371,3.59301879,0.001736719
1.372,3.59287732,0.001732715
1.373,3.59273619,0.001728725
1.374,3.59259539,0.001724749
1.375,3.59245494,0.001720788
1.376,3.59231482,0.001716841
1.377,3.59217503,0.001712909
1.378,3.59203558,0.00170899
1.379,3.59189646,0.001705086
1.38,3.59175767,0.001701196
1.381,3.59161922,0.00169732
1.382,3.59148109,0.001693458
1.383,3.5913433,0.00168961
1.384,3.59120583,0.001685776
1.385,3.59106869,0.001681956
1.386,3.59093188,0.001678149
1.387,3.59079539,0.001674357
1.388,3.59065923,0.001670578
1.389,3.59052339,0.001666812
1.39,3.59038787,0.001663061
1.391,3.59025268,0.001659323
1.392,3.5901178,0.001655599
1.393,3.58998324,0.001651888
1.394,3.58984901,0.00164819
1.395,3.58971509,0.001644506
1.396,3.58958149,0.001640835
1.397,3.58944819,0.001637177
1.398,3.5893152,0.001633531
1.399,3.58918251,0.001629898
1.4,3.58905012,0.001626276
1.401,3.58891803,0.001622667
1.402,3.58878624,0.00161907
1.403,3.58865475,0.001615486
1.404,3.58852356,0.001611913
1.405,3.58839266,0.001608353
1.406,3.58826206,0.001604804
1.407,3.58813175,0.001601268
1.408,3.58800174,0.001597743
1.409,3.58787202,0.001594231
1.41,3.58774259,0.00159073
1.411,3.58761346,0.001587241
1.412,3.58748462,0.001583764
1.413,3.58735606,0.001580299
1.414,3.5872278,0.001576845
1.415,3.58709982,0.001573403
1.416,3.58697213,0.001569973
1.417,3.58684473,0.001566554
1.418,3.58671762,0.001563147
1.419,3.58659079,0.001559752
1.42,3.58646424,0.001556368
1.421,3.58633798,0.001552995
1.422,3.586212,0.001549634
1.423,3.5860863,0.001546284
1.424,3.58596088,0.001542946
1.425,3.58583574,0.001539619
1.426,3.58571088,0.001536303
1.427,3.58558631,0.001532999
1.428,3.585462,0.001529705
1.429,3.58533798,0.001526423
1.43,3.58521423,0.001523152
1.431,3.58509075,0.001519892
1.432,3.58496754,0.001516643
1.433,3.58484459,0.001513404
1.434,3.58472189,0.001510175
1.435,3.58459947,0.001506958
1.436,3.58447731,0.001503751
1.437,3.58435542,0.001500554
1.438,3.58423381,0.001497368
1.439,3.58411246,0.001494192
1.44,3.58399137,0.001491027
1.441,3.58387056,0.001487872
1.442,3.58375,0.001484728
1.443,3.58362972,0.001481593
1.444,3.58350969,0.001478469
1.445,3.58338994,0.001475356
1.446,3.58327044,0.001472252
1.447,3.5831512,0.001469159
1.448,3.58303223,0.001466076
1.449,3.58291352,0.001463003
1.45,3.58279506,0.00145994
1.451,3.58267687,0.001456887
1.452,3.58255893,0.001453844
1.453,3.58244125,0.001450811
1.454,3.58232383,0.001447788
1.455,3.58220667,0.001444775
1.456,3.58208976,0.001441772
1.457,3.5819731,0.001438779
1.458,3.5818567,0.001435796
1.459,3.58174055,0.001432822
1.46,3.58162466,0.001429858
1.461,3.58150901,0.001426904
1.462,3.58139362,0.00142396
1.463,3.58127848,0.001421025
1.464,3.58116358,0.0014181
1.465,3.58104894,0.001415185
1.466,3.58093455,0.001412279
1.467,3.5808204,0.001409383
1.468,3.5807065,0.001406496
1.469,3.58059286,0.001403619
1.47,3.58047947,0.001400751
1.471,3.58036632,0.001397893
1.472,3.58025343,0.001395044
1.473,3.58014078,0.001392204
1.474,3.58002838,0.001389374
1.475,3.57991623,0.001386553
1.476,3.57980433,0.001383741
1.477,3.57969267,0.001380939
1.478,3.57958125,0.001378145
1.479,3.57947008,0.00137536
1.48,3.57935916,0.001372584
1.481,3.57924847,0.001369817
1.482,3.57913803,0.001367059
1.483,3.57902783,0.00136431
1.484,3.57891787,0.001361569
1.485,3.57880815,0.001358837
1.486,3.57869867,0.001356114
1.487,3.57858942,0.0013534
1.488,3.57848042,0.001350694
1.489,3.57837165,0.001347997
1.49,3.57826312,0.001345308
1.491,3.57815483,0.001342629
1.492,3.57804677,0.001339957
1.493,3.57793895,0.001337295
1.494,3.57783136,0.00133464
1.495,3.577724,0.001331995
1.496,3.57761688,0.001329357
1.497,3.57750998,0.001326729
1.498,3.57740332,0.001324108
1.499,3.5772969,0.001321496
1.5,3.5771907,0.001318892
1.501,3.57708473,0.001316297
1.502,3.57697899,0.00131371
1.503,3.57687348,0.001311131
1.504,3.57676819,0.001308561
1.505,3.57666314,0.001305999
1.506,3.57655831,0.001303444
1.507,3.5764537,0.001300898
1.508,3.57634933,0.00129836
1.509,3.57624517,0.00129583
1.51,3.57614124,0.001293308
1.511,3.57603754,0.001290794
1.512,3.57593405,0.001288288
1.513,3.57583079,0.00128579
1.514,3.57572776,0.0012833
1.515,3.57562494,0.001280817
1.516,3.57552234,0.001278342
1.517,3.57541996,0.001275876
1.518,3.57531781,0.001273417
1.519,3.57521587,0.001270965
1.52,3.57511414,0.001268522
1.521,3.57501263,0.001266085
1.522,3.57491133,0.001263657
1.523,3.57481025,0.001261235
1.524,3.57470937,0.001258821
1.525,3.5746087,0.001256414
1.526,3.57450825,0.001254015
1.527,3.574408,0.001251623
1.528,3.57430796,0.001249238
1.529,3.57420813,0.001246861
1.53,3.57410851,0.001244491
1.531,3.57400909,0.001242128
1.532,3.57390988,0.001239772
1.533,3.57381088,0.001237424
1.534,3.57371208,0.001235082
1.535,3.57361348,0.001232748
1.536,3.57351509,0.001230421
1.537,3.57341691,0.001228101
1.538,3.57331893,0.001225788
1.539,3.57322115,0.001223482
1.54,3.57312357,0.001221183
1.541,3.57302619,0.001218891
1.542,3.57292902,0.001216607
1.543,3.57283204,0.001214329
1.544,3.57273527,0.001212058
1.545,3.57263869,0.001209794
1.546,3.57254232,0.001207537
1.547,3.57244614,0.001205287
1.548,3.57235015,0.001203043
1.549,3.57225436,0.001200806
1.55,3.57215876,0.001198576
1.551,3.57206336,0.001196353
1.552,3.57196815,0.001194136
1.553,3.57187313,0.001191926
1.554,3.5717783,0.001189723
1.555,3.57168367,0.001187526
1.556,3.57158922,0.001185336
1.557,3.57149497,0.001183152
1.558,3.57140091,0.001180975
1.559,3.57130703,0.001178804
1.56,3.57121335,0.00117664
1.561,3.57111985,0.001174483
1.562,3.57102654,0.001172332
1.563,3.57093342,0.001170187
1.564,3.57084049,0.001168049
1.565,3.57074774,0.001165917
1.566,3.57065517,0.001163792
1.567,3.5705628,0.001161673
1.568,3.5704706,0.001159559
1.569,3.57037859,0.001157452
1.57,3.57028677,0.001155351
1.571,3.57019512,0.001153255
1.572,3.57010366,0.001151166
1.573,3.57001238,0.001149083
1.574,3.56992128,0.001147005
1.575,3.56983037,0.001144934
1.576,3.56973963,0.001142869
1.577,3.56964907,0.001140809
1.578,3.5695587,0.001138755
1.579,3.5694685,0.001136707
1.58,3.56937848,0.001134665
1.581,3.56928864,0.001132629
1.582,3.56919897,0.001130599
1.583,3.56910949,0.001128574
1.584,3.56902018,0.001126556
1.585,3.56893104,0.001124543
1.586,3.56884209,0.001122535
1.587,3.5687533,0.001120534
1.588,3.5686647,0.001118538
1.589,3.56857627,0.001116548
1.59,3.56848801,0.001114563
1.591,3.56839992,0.001112584
1.592,3.56831201,0.00111061
1.593,3.56822427,0.001108642
1.594,3.5681367,0.00110668
1.595,3.5680493,0.001104723
1.596,3.56796207,0.001102771
1.597,3.56787502,0.001100825
1.598,3.56778813,0.001098884
1.599,3.56770141,0.001096948
1.6,3.56761487,0.001095018
1.601,3.56752849,0.001093094
1.602,3.56744228,0.001091174
1.603,3.56735624,0.00108926
1.604,3.56727036,0.001087352
1.605,3.56718466,0.001085448
1.606,3.56709912,0.00108355
1.607,3.56701374,0.001081658
1.608,3.56692853,0.00107977
1.609,3.56684349,0.001077888
1.61,3.56675861,0.001076011
1.611,3.5666739,0.001074139
1.612,3.56658935,0.001072273
1.613,3.56650497,0.001070411
1.614,3.56642074,0.001068555
1.615,3.56633669,0.001066704
1.616,3.5662528,0.001064859
1.617,3.56616909,0.001063019
1.618,3.56608554,0.001061184
1.619,3.56600217,0.001059355
1.62,3.56591896,0.001057531
1.621,3.56583592,0.001055713
1.622,3.56575305,0.0010539
1.623,3.56567034,0.001052093
1.624,3.5655878,0.00105029
1.625,3.56550543,0.001048494
1.626,3.56542323,0.001046702
1.627,3.56534119,0.001044916
1.628,3.56525932,0.001043135
1.629,3.56517761,0.001041359
1.63,3.56509606,0.001039589
1.631,3.56501469,0.001037824
1.632,3.56493347,0.001036064
1.633,3.56485242,0.00103431
1.634,3.56477153,0.00103256
1.635,3.56469081,0.001030816
1.636,3.56461025,0.001029077
1.637,3.56452987,0.001027344
1.638,3.56444965,0.001025616
1.639,3.56436959,0.001023893
1.64,3.5642897,0.001022175
1.641,3.56420997,0.001020463
1.642,3.56413041,0.001018756
1.643,3.56405101,0.001017054
1.644,3.56397178,0.001015357
1.645,3.5638927,0.001013666
1.646,3.56381379,0.001011979
1.647,3.56373505,0.001010298
1.648,3.56365646,0.001008622
1.649,3.56357804,0.001006951
1.65,3.56349977,0.001005285
1.651,3.56342167,0.001003625
1.652,3.56334373,0.001001969
1.653,3.56326594,0.001000318
1.654,3.56318832,0.000998673
1.655,3.56311085,0.000997032
1.656,3.56303355,0.000995397
1.657,3.5629564,0.000993766
1.658,3.56287941,0.000992141
1.659,3.56280257,0.00099052
1.66,3.5627259,0.000988905
1.661,3.56264938,0.000987294
1.662,3.56257301,0.000985689
1.663,3.5624968,0.000984088
1.664,3.56242075,0.000982492
1.665,3.56234485,0.000980901
1.666,3.56226911,0.000979315
1.667,3.56219352,0.000977734
1.668,3.56211804,0.000976155
1.669,3.56204268,0.00097458
1.67,3.56196743,0.000973007
1.671,3.5618923,0.000971437
1.672,3.56181728,0.00096987
1.673,3.56174237,0.000968306
1.674,3.56166757,0.000966744
1.675,3.56159289,0.000965185
1.676,3.56151832,0.000963629
1.677,3.56144386,0.000962075
1.678,3.56136951,0.000960525
1.679,3.56129527,0.000958977
1.68,3.56122114,0.000957431
1.681,3.56114713,0.000955889
1.682,3.5610732,0.000954348
1.683,3.56099935,0.000952809
1.684,3.5609256,0.000951271
1.685,3.56085192,0.000949736
1.686,3.56077834,0.000948202
1.687,3.56070484,0.00094667
1.688,3.56063143,0.00094514
1.689,3.5605581,0.000943612
1.69,3.56048485,0.000942085
1.691,3.5604117,0.00094056
1.692,3.56033862,0.000939037
1.693,3.56026563,0.000937515
1.694,3.56019273,0.000935995
1.695,3.56011991,0.000934478
1.696,3.56004718,0.000932961
1.697,3.55997453,0.000931447
1.698,3.55990196,0.000929934
